question,option_a,option_b,option_c,option_d,correct
Word hujjatining kengaytmasi qaysi?,.jpg,.docx,.mp3,.zip,B
Rasm fayli kengaytmasi qaysi?,.pdf,.txt,.exe,.png,D
MP3 nima turdagi fayl?,.docx,.jpg,.mp3,.xlsx,C
MP4 nima turdagi fayl?,.txt,.mp4,.zip,.pdf,B
Excel jadvali kengaytmasi qaysi?,.png,.mp3,.xlsx,.html,C
Oddiy matnli fayl kengaytmasi qaysi?,.mp4,.jpg,.mp3,.txt,D
Bir nechta fayllarni siqib saqlaydigan fayl kengaytmasi qaysi?,.mp3,.zip,.png,.mp4,B
Veb sahifa fayli kengaytmasi qaysi?,.xlsx,.docx,.html,.wav,C
Taqdimot (slayd) fayli kengaytmasi qaysi?,.mp3,.pptx,.jpg,.zip,B
PDF fayl kengaytmasi qaysi?,.docx,.png,.txt,.pdf,D
